1	crowd people walking city street smartphones slow motion
2	gold bars stack macro light sweep dark
3	time travel tunnel clock fly through
4	audience applause award ceremony stage spotlights
5	golden trophies shelf slow pan dark
6	molten gold pouring foundry close up
7	ethereum coin rotating dark background
8	money counting machine dollar bills close up
9	bank vault door closing steel
10	balance scale weighing gold nuggets close up
11	gold coins falling pile slow motion
12	stock exchange trading floor ticker screens
13	rocket launch liftoff flames close
14	aerial top down suburb backyard swimming pools
15	gpu chip circuit board macro light pulse
16	diver jumping into water splash slow motion
17	futuristic technology lab hologram interface engineers
18	black friday shoppers rushing store doors
19	gold leaf flakes floating dark slow motion
20	bull charging running slow motion dust
21	earth from space night city lights rotating
22	jet engine turbine spinning up close up
23	judge gavel strike close up dark
24	paparazzi camera flashes photographers press
25	movie theater marquee lights night
26	city skyline construction timelapse skyscrapers rising
9b	bank vault door closing
12b	stock exchange trading floor traders
18b	crowd running through festival gates
